painting_name,painting_time,museum_name,type,painting_url,painter_name,painter_hash
蒙娜丽莎,1503,法国巴黎罗浮宫美术馆,板画,"http://www.youhuadaquan.org/images-small/Leonardo%20da%20Vinci/30369-Vinci,%20Leonardo%20da.jpg",莱昂纳多·达·芬奇,1
最后的晚餐,1452,达芬奇博物馆,油画,"http://www.youhuadaquan.org/images-small/Leonardo%20da%20Vinci/30370-Vinci,%20Leonardo%20da.jpg",莱昂纳多·达·芬奇,1
岩间圣母,1506,英国伦敦国家画廊,油画,"http://www.youhuadaquan.org/images-small/Leonardo%20da%20Vinci/30371-Vinci,%20Leonardo%20da.jpg",莱昂纳多·达·芬奇,1
施洗者圣约翰,1513,法国巴黎罗浮宫美术馆,板画,"http://www.youhuadaquan.org/images-small/Leonardo%20da%20Vinci/30372-Vinci,%20Leonardo%20da.jpg",莱昂纳多·达·芬奇,1
圣母子与圣安娜,1510,法国巴黎罗浮宫美术馆,粉笔,"http://www.youhuadaquan.org/images-small/Leonardo%20da%20Vinci/30374-Vinci,%20Leonardo%20da.jpg",莱昂纳多·达·芬奇,1
圣母子与和圣安妮及小施洗者圣约翰,1507,英国伦敦国家画廊,粉笔,"http://www.youhuadaquan.org/images-small/Leonardo%20da%20Vinci/30376-Vinci,%20Leonardo%20da.jpg",莱昂纳多·达·芬奇,1
美丽的费蓉妮叶,1490,法国巴黎罗浮宫美术馆,板画,"http://www.youhuadaquan.org/images-small/Leonardo%20da%20Vinci/30380-Vinci,%20Leonardo%20da.jpg",莱昂纳多·达·芬奇,1
持花的圣母,1478,圣彼得堡,油画,"http://www.youhuadaquan.org/images-small/Leonardo%20da%20Vinci/30385-Vinci,%20Leonardo%20da.jpg",莱昂纳多·达·芬奇,1
吉尼芙拉得本奇肖像,1476,华盛顿国家艺术画廊,油画,"http://www.youhuadaquan.org/images-small/Leonardo%20da%20Vinci/30387-Vinci,%20Leonardo%20da.jpg",莱昂纳多·达·芬奇,1
天使报喜,1472,乌费兹美术馆,版画,"http://www.youhuadaquan.org/images-small/Leonardo%20da%20Vinci/30388-Vinci,%20Leonardo%20da.jpg",莱昂纳多·达·芬奇,1
维特鲁威人比例研究,1492,阿卡德米亚美术馆,钢笔,"http://www.youhuadaquan.org/images-small/Leonardo%20da%20Vinci/30389-Vinci,%20Leonardo%20da.jpg",莱昂纳多·达·芬奇,1
一个老人的形象研习,1492,乌费兹美术馆,钢笔,"http://www.youhuadaquan.org/images-small/Leonardo%20da%20Vinci/30390-Vinci,%20Leonardo%20da.jpg",莱昂纳多·达·芬奇,1
勒达,1530,柏林博物馆,油画,"http://www.youhuadaquan.org/images-small/Leonardo%20da%20Vinci/30391-Vinci,%20Leonardo%20da.jpg",莱昂纳多·达·芬奇,1
圣母玛利亚与亚恩温德,1510,私人,油画,"http://www.youhuadaquan.org/images-small/Leonardo%20da%20Vinci/30393-Vinci,%20Leonardo%20da.jpg",莱昂纳多·达·芬奇,1
旷野中的圣约翰,1510,法国巴黎罗浮宫美术馆,版画,"http://www.youhuadaquan.org/images-small/Leonardo%20da%20Vinci/30394-Vinci,%20Leonardo%20da.jpg",莱昂纳多·达·芬奇,1
勒达与天鹅,1505,英国威灵顿博物馆,版画,"http://www.youhuadaquan.org/images-small/Leonardo%20da%20Vinci/30396-Vinci,%20Leonardo%20da.jpg",莱昂纳多·达·芬奇,1
拈花圣母,1472,华盛顿国家艺术画廊,版画,"http://www.youhuadaquan.org/images-small/Leonardo%20da%20Vinci/30398-Vinci,%20Leonardo%20da.jpg",莱昂纳多·达·芬奇,1
女人头像,1508,英国伦敦皇家图书馆,粉笔,"http://www.youhuadaquan.org/images-small/Leonardo%20da%20Vinci/30399-Vinci,%20Leonardo%20da.jpg",莱昂纳多·达·芬奇,1
少女头像,1508,意大利帕尔马画廊,版画,"http://www.youhuadaquan.org/images-small/Leonardo%20da%20Vinci/30375-Vinci,%20Leonardo%20da.jpg",莱昂纳多·达·芬奇,1
基督肖像,1494,意大利米兰布雷拉画廊,粉笔,"http://www.youhuadaquan.org/images-small/Leonardo%20da%20Vinci/30379-Vinci,%20Leonardo%20da.jpg",莱昂纳多·达·芬奇,1
星夜,1889,纽约现代艺术博物馆,油画,"http://www.youhuadaquan.org/images-small/Vincent%20van%20Gogh/23438-Gogh,%20Vincent%20van.jpg",文森特·威廉·梵高,2
乌云密布的天空和麦田上的乌鸦,1890,荷兰梵高博物馆,油画,"http://www.youhuadaquan.org/images-small/Vincent%20van%20Gogh/23439-Gogh,%20Vincent%20van.jpg",文森特·威廉·梵高,2
收割者,1889, 弗克旺博物馆,油画,"http://www.youhuadaquan.org/images-small/Vincent%20van%20Gogh/23441-Gogh,%20Vincent%20van.jpg",文森特·威廉·梵高,2
梵高的卧室,1889,芝加哥艺术协会,油画,"http://www.youhuadaquan.org/images-small/Vincent%20van%20Gogh/23442-Gogh,%20Vincent%20van.jpg",文森特·威廉·梵高,2
橄榄树,1889,荷兰国家博物馆,油画,"http://www.youhuadaquan.org/images-small/Vincent%20van%20Gogh/23443-Gogh,%20Vincent%20van.jpg",文森特·威廉·梵高,2
向日葵,1888,公共收藏,油画,"http://www.youhuadaquan.org/images-small/Vincent%20van%20Gogh/23448-Gogh,%20Vincent%20van.jpg",文森特·威廉·梵高,2
播种者,1888,荷兰梵高博物馆,油画,"http://www.youhuadaquan.org/images-small/Vincent%20van%20Gogh/23451-Gogh,%20Vincent%20van.jpg",文森特·威廉·梵高,2
咖啡馆女歌手,1878,美国哈佛大学福格艺术博物馆,粉笔,"https://www.youhuadaquan.org/images-small/Edgar%20Degas/21565-Degas,%20Edgar.jpg",埃德加·德加,3
新奥尔良棉花事务所,1873,法国巴黎奥赛博物馆,油画,"https://www.youhuadaquan.org/images-small/Edgar%20Degas/21566-Degas,%20Edgar.jpg",埃德加·德加,3
狗之歌,1876,私人,水粉,"https://www.youhuadaquan.org/images-small/Edgar%20Degas/21567-Degas,%20Edgar.jpg",埃德加·德加,3
舞台上的芭蕾舞排演,1874,法国巴黎奥赛博物馆,油画,"https://www.youhuadaquan.org/images-small/Edgar%20Degas/21568-Degas,%20Edgar.jpg",埃德加·德加,3
舞蹈课,1874,私人,油画,"https://www.youhuadaquan.org/images-small/Edgar%20Degas/21569-Degas,%20Edgar.jpg",埃德加·德加,3
乐团的音乐家,1870,德国黑森州法兰克福,油画,"https://www.youhuadaquan.org/images-small/Edgar%20Degas/21571-Degas,%20Edgar.jpg",埃德加·德加,3
兄弟之爱,1851,波士顿美术馆,油画,"http://www.youhuadaquan.org/images-small/William%20Adolphe%20Bouguereau/21083-Bouguereau,%20William-Adolphe.jpg",威廉·阿道夫·布格罗,4
舞蹈,1856,法国巴黎奥赛博物馆,油画,"http://www.youhuadaquan.org/images-small/William%20Adolphe%20Bouguereau/21084-Bouguereau,%20William-Adolphe.jpg",威廉·阿道夫·布格罗,4
春天,1858,私人,油画,"http://www.youhuadaquan.org/images-small/William%20Adolphe%20Bouguereau/21085-Bouguereau,%20William-Adolphe.jpg",威廉·阿道夫·布格罗,4
万圣节,1859,波尔多美术馆,油画,"http://www.youhuadaquan.org/images-small/William%20Adolphe%20Bouguereau/21086-Bouguereau,%20William-Adolphe.jpg",威廉·阿道夫·布格罗,4
收割时休息,1865,菲尔布鲁克艺术博物馆,油画,"http://www.youhuadaquan.org/images-small/William%20Adolphe%20Bouguereau/21087-Bouguereau,%20William-Adolphe.jpg",威廉·阿道夫·布格罗,4
感谢祭,1867,费城艺术博物馆,油画,"http://www.youhuadaquan.org/images-small/William%20Adolphe%20Bouguereau/21088-Bouguereau,%20William-Adolphe.jpg",威廉·阿道夫·布格罗,4
艺术与文学,1867,阿诺特艺术博物馆,油画,"http://www.youhuadaquan.org/images-small/William%20Adolphe%20Bouguereau/21089-Bouguereau,%20William-Adolphe.jpg",威廉·阿道夫·布格罗,4
贝壳,1871,私人,油画,"http://www.youhuadaquan.org/images-small/William%20Adolphe%20Bouguereau/21090-Bouguereau,%20William-Adolphe.jpg",威廉·阿道夫·布格罗,4
森林之神与仙女们,1873,斯特林与弗朗辛克拉克艺术学院,油画,"http://www.youhuadaquan.org/images-small/William%20Adolphe%20Bouguereau/21091-Bouguereau,%20William-Adolphe.jpg",威廉·阿道夫·布格罗,4
爱神丘比特,1875,布里奇曼艺术图书馆,油画,"http://www.youhuadaquan.org/images-small/William%20Adolphe%20Bouguereau/21092-Bouguereau,%20William-Adolphe.jpg",威廉·阿道夫·布格罗,4
秘密,1876,纽约历史社会博物馆,油画,"http://www.youhuadaquan.org/images-small/William%20Adolphe%20Bouguereau/21093-Bouguereau,%20William-Adolphe.jpg",威廉·阿道夫·布格罗,4
收获归来,1878,杰克逊维尔艺术与园林博物馆,油画,"http://www.youhuadaquan.org/images-small/William%20Adolphe%20Bouguereau/21094-Bouguereau,%20William-Adolphe.jpg",威廉·阿道夫·布格罗,4
孩时的施洗者圣约翰,1595,卡比托利欧博物馆,油画,http://www.youhuadaquan.org/images-small/Caravaggio/21289-Caravaggio.jpg,米开朗基罗·梅里西·德·卡拉瓦乔,5
胜利的爱神,1596,柏林国立博物馆,油画,http://www.youhuadaquan.org/images-small/Caravaggio/21290-Caravaggio.jpg,米开朗基罗·梅里西·德·卡拉瓦乔,5
马大与抹大拉的玛利亚,1595,底特律艺术学院,油画,http://www.youhuadaquan.org/images-small/Caravaggio/21292-Caravaggio.jpg,米开朗基罗·梅里西·德·卡拉瓦乔,5
纳西索斯,1597,罗马国立绘画馆,油画,http://www.youhuadaquan.org/images-small/Caravaggio/21293-Caravaggio.jpg,米开朗基罗·梅里西·德·卡拉瓦乔,5
圣保罗宗徒归化,1600,圣保罗教堂,油画,http://www.youhuadaquan.org/images-small/Caravaggio/21294-Caravaggio.jpg,米开朗基罗·梅里西·德·卡拉瓦乔,5
圣施洗圣约翰,1601,巴塞尔,油画,http://www.youhuadaquan.org/images-small/Caravaggio/21296-Caravaggio.jpg,米开朗基罗·梅里西·德·卡拉瓦乔,5
报喜,1609,兰斯美术博物馆,油画,http://www.youhuadaquan.org/images-small/Caravaggio/21297-Caravaggio.jpg,米开朗基罗·梅里西·德·卡拉瓦乔,5
鲁特琴演奏者,1595,私人,油画,http://www.youhuadaquan.org/images-small/Caravaggio/21298-Caravaggio.jpg,米开朗基罗·梅里西·德·卡拉瓦乔,5
在以马忤斯的晚餐,1600,英国伦敦国家美术馆,油画,http://www.youhuadaquan.org/images-small/Caravaggio/21299-Caravaggio.jpg,米开朗基罗·梅里西·德·卡拉瓦乔,5
入迷的圣法兰西斯,1595,哈特福德沃兹沃思艺术学院,油画,http://www.youhuadaquan.org/images-small/Caravaggio/21300-Caravaggio.jpg,米开朗基罗·梅里西·德·卡拉瓦乔,5
有花和水果的静物,1601,贝佳斯画廊,油画,http://www.youhuadaquan.org/images-small/Caravaggio/21301-Caravaggio.jpg,米开朗基罗·梅里西·德·卡拉瓦乔,5
被一只绿色蜥蜴咬伤的男孩,1595,英国伦敦国家画廊,油画,http://www.youhuadaquan.org/images-small/Caravaggio/21302-Caravaggio.jpg,米开朗基罗·梅里西·德·卡拉瓦乔,5
逃往埃及途中的休息,1596,多里亚潘菲利画廊,油画,http://www.youhuadaquan.org/images-small/Caravaggio/21303-Caravaggio.jpg,米开朗基罗·梅里西·德·卡拉瓦乔,5
朱迪思与荷罗孚尼,1607,罗马国家画廊,油画,http://www.youhuadaquan.org/images-small/Caravaggio/21304-Caravaggio.jpg,米开朗基罗·梅里西·德·卡拉瓦乔,5
圣马太的呼唤,1607,圣王路易教堂,油画,http://www.youhuadaquan.org/images-small/Caravaggio/21305-Caravaggio.jpg,米开朗基罗·梅里西·德·卡拉瓦乔,5
圣托马斯的怀疑,1601,波茨坦市无忧宫,油画,http://www.youhuadaquan.org/images-small/Caravaggio/21306-Caravaggio.jpg,米开朗基罗·梅里西·德·卡拉瓦乔,5
洛雷托圣母,1607,圣阿戈斯蒂诺,油画,http://www.youhuadaquan.org/images-small/Caravaggio/21307-Caravaggio.jpg,米开朗基罗·梅里西·德·卡拉瓦乔,5
圣母之死,1601,法国巴黎罗浮宫美术馆,油画,http://www.youhuadaquan.org/images-small/Caravaggio/21309-Caravaggio.jpg,米开朗基罗·梅里西·德·卡拉瓦乔,5
七件慈悲行为,1607,意大利那不勒斯慈爱山丘教堂,油画,http://www.youhuadaquan.org/images-small/Caravaggio/21310-Caravaggio.jpg,米开朗基罗·梅里西·德·卡拉瓦乔,5
罗萨里奥的圣母玛丽亚,1607,维也纳历史博物馆,油画,http://www.youhuadaquan.org/images-small/Caravaggio/21311-Caravaggio.jpg,米开朗基罗·梅里西·德·卡拉瓦乔,5
基督的自虐,1595,那不勒斯博物馆,油画,http://www.youhuadaquan.org/images-small/Caravaggio/21312-Caravaggio.jpg,米开朗基罗·梅里西·德·卡拉瓦乔,5
莎乐美端着圣约翰的头,1607,英国伦敦国家美术馆,油画,http://www.youhuadaquan.org/images-small/Caravaggio/21313-Caravaggio.jpg,米开朗基罗·梅里西·德·卡拉瓦乔,5
戴维与巨人歌利亚的头,1595,维也纳历史博物馆,油画,http://www.youhuadaquan.org/images-small/Caravaggio/21314-Caravaggio.jpg,米开朗基罗·梅里西·德·卡拉瓦乔,5
圣施洗圣约翰的斩首,1608,圣约翰博物馆,油画,http://www.youhuadaquan.org/images-small/Caravaggio/21315-Caravaggio.jpg,米开朗基罗·梅里西·德·卡拉瓦乔,5
基督诞生和圣弗兰西斯及对劳伦斯,1609,私人,油画,http://www.youhuadaquan.org/images-small/Caravaggio/21316-Caravaggio.jpg,米开朗基罗·梅里西·德·卡拉瓦乔,5
纸牌骗子,1595,肯贝尔艺术博物馆,油画,http://www.youhuadaquan.org/images-small/Caravaggio/21317-Caravaggio.jpg,米开朗基罗·梅里西·德·卡拉瓦乔,5
大卫和巨人,1600,西班牙马德里普拉多博物馆,油画,http://www.youhuadaquan.org/images-small/Caravaggio/21318-Caravaggio.jpg,米开朗基罗·梅里西·德·卡拉瓦乔,5
美杜莎,1590,佛罗伦萨乌菲兹美术馆,油画,http://www.youhuadaquan.org/images-small/Caravaggio/21319-Caravaggio.jpg,米开朗基罗·梅里西·德·卡拉瓦乔,5
艾萨克的献祭,1590,佛罗伦萨乌菲兹美术馆,油画,http://www.youhuadaquan.org/images-small/Caravaggio/21320-Caravaggio.jpg,米开朗基罗·梅里西·德·卡拉瓦乔,5
算命者,1594,法国巴黎罗浮宫美术馆,油画,http://www.youhuadaquan.org/images-small/Caravaggio/21321-Caravaggio.jpg,米开朗基罗·梅里西·德·卡拉瓦乔,5
黄昏中的老人,1918,私人,油彩,"http://www.youhuadaquan.org/images-small/Salvador%20Dali/24217-Dali,%20Salvador.jpg",萨尔瓦多·达利,6
阿古俄港口,1919,萨尔瓦多达利基金会,油彩,"http://www.youhuadaquan.org/images-small/Salvador%20Dali/24218-Dali,%20Salvador.jpg",萨尔瓦多·达利,6
三颗松树,1919,私人,油彩,"http://www.youhuadaquan.org/images-small/Salvador%20Dali/24219-Dali,%20Salvador.jpg",萨尔瓦多·达利,6
卡达克农村妇女霍腾西亚肖像,1920,私人,油彩,"http://www.youhuadaquan.org/images-small/Salvador%20Dali/24220-Dali,%20Salvador.jpg",萨尔瓦多·达利,6
画室中的自画像,1919,萨尔瓦多达利博物馆,油彩,"http://www.youhuadaquan.org/images-small/Salvador%20Dali/24221-Dali,%20Salvador.jpg",萨尔瓦多·达利,6
大钢琴家里卡多皮策肖像,1920,私人,油彩,"http://www.youhuadaquan.org/images-small/Salvador%20Dali/24222-Dali,%20Salvador.jpg",萨尔瓦多·达利,6
从普拉亚普洱看到的卡达克期的景色,1920,萨尔瓦多达利博物馆,油彩,"http://www.youhuadaquan.org/images-small/Salvador%20Dali/24223-Dali,%20Salvador.jpg",萨尔瓦多·达利,6
父亲的肖像,1921,萨尔瓦多达利基金会,油彩,"http://www.youhuadaquan.org/images-small/Salvador%20Dali/24224-Dali,%20Salvador.jpg",萨尔瓦多·达利,6
有着拉斐尔式脖子的自己画像,1921,萨尔瓦多达利基金会,油彩,"http://www.youhuadaquan.org/images-small/Salvador%20Dali/24225-Dali,%20Salvador.jpg",萨尔瓦多·达利,6
花园中的女孩,1921,私人,油彩,"http://www.youhuadaquan.org/images-small/Salvador%20Dali/24227-Dali,%20Salvador.jpg",萨尔瓦多·达利,6
祖母安娜的肖像,1921,私人,油彩,"http://www.youhuadaquan.org/images-small/Salvador%20Dali/24228-Dali,%20Salvador.jpg",萨尔瓦多·达利,6
坐着的红色裸女,1908,私人,油画,"https://www.youhuadaquan.org/images/Marc%20Chagall/21448-Chagall,%20Marc.jpg",马克·夏加尔,7
画家妹妹的肖像,1910,所罗门古根海姆博物馆,油画,"https://www.youhuadaquan.org/images/Marc%20Chagall/21449-Chagall,%20Marc.jpg",马克·夏加尔,7
我和村庄,1911,私人,油画,"https://www.youhuadaquan.org/images/Marc%20Chagall/21450-Chagall,%20Marc.jpg",马克·夏加尔,7
带扇子的新娘,1911,所罗门古根海姆博物馆,油画,"https://www.youhuadaquan.org/images/Marc%20Chagall/21451-Chagall,%20Marc.jpg",马克·夏加尔,7
士兵喝酒,1911,所罗门古根海姆博物馆,油画,"https://www.youhuadaquan.org/images/Marc%20Chagall/21452-Chagall,%20Marc.jpg",马克·夏加尔,7
亚当和夏娃,1912,圣路易斯艺术博物馆,油画,"https://www.youhuadaquan.org/images/Marc%20Chagall/21453-Chagall,%20Marc.jpg",马克·夏加尔,7
牛贩子,1912,巴塞尔昆斯博物馆,油画,"https://www.youhuadaquan.org/images/Marc%20Chagall/21454-Chagall,%20Marc.jpg",马克·夏加尔,7
奶粉勺,1912,私人,油画,"https://www.youhuadaquan.org/images/Marc%20Chagall/21455-Chagall,%20Marc.jpg",马克·夏加尔,7
犹太人在祈祷,1913,私人,油画,"https://www.youhuadaquan.org/images/Marc%20Chagall/21457-Chagall,%20Marc.jpg",马克·夏加尔,7
小提琴手,1912,华盛顿国家艺术画廊,油画,"https://www.youhuadaquan.org/images/Marc%20Chagall/21458-Chagall,%20Marc.jpg",马克·夏加尔,7
飞行马车,1913,私人,油画,"https://www.youhuadaquan.org/images/Marc%20Chagall/21459-Chagall,%20Marc.jpg",马克·夏加尔,7
生日,1915,纽约现代艺术博物馆,油彩,"https://www.youhuadaquan.org/images/Marc%20Chagall/21461-Chagall,%20Marc.jpg",马克·夏加尔,7
穿白色衣领衣服的贝拉（画家的妻子的肖像）,1917,私人,油彩,"https://www.youhuadaquan.org/images/Marc%20Chagall/21462-Chagall,%20Marc.jpg",马克·夏加尔,7
开着的窗户,1905,科利乌尔,油彩,"https://www.youhuadaquan.org/images/Henri%20Emile%20Benoit%20Matisse/27126-Matisse,%20Henri%20Emile%20Benoit.jpg",亨利·马蒂斯,8
游泳者与一只乌龟,1908,私人,油彩,"https://www.youhuadaquan.org/images/Henri%20Emile%20Benoit%20Matisse/27127-Matisse,%20Henri%20Emile%20Benoit.jpg",亨利·马蒂斯,8
餐后水果,1893,马蒂斯美术馆,油彩,"https://www.youhuadaquan.org/images/Henri%20Emile%20Benoit%20Matisse/27128-Matisse,%20Henri%20Emile%20Benoit.jpg",亨利·马蒂斯,8
彼卡德织布的工作室,1895,巴黎国立现代艺术馆,油彩,"https://www.youhuadaquan.org/images/Henri%20Emile%20Benoit%20Matisse/27129-Matisse,%20Henri%20Emile%20Benoit.jpg",亨利·马蒂斯,8
读书的妇人,1895,巴黎国立现代艺术馆,油彩,"https://www.youhuadaquan.org/images/Henri%20Emile%20Benoit%20Matisse/27130-Matisse,%20Henri%20Emile%20Benoit.jpg",亨利·马蒂斯,8
布列塔尼的村庄,1896,马蒂斯美术馆,油彩,"https://www.youhuadaquan.org/images/Henri%20Emile%20Benoit%20Matisse/27131-Matisse,%20Henri%20Emile%20Benoit.jpg",亨利·马蒂斯,8
餐桌,1896,私人,油彩,"https://www.youhuadaquan.org/images/Henri%20Emile%20Benoit%20Matisse/27132-Matisse,%20Henri%20Emile%20Benoit.jpg",亨利·马蒂斯,8
两个瓶子与静物,1896,私人,油彩,"https://www.youhuadaquan.org/images/Henri%20Emile%20Benoit%20Matisse/27133-Matisse,%20Henri%20Emile%20Benoit.jpg",亨利·马蒂斯,8
有柠檬与瓶子的静物,1896,纽约现代艺术博物馆,油彩,"https://www.youhuadaquan.org/images/Henri%20Emile%20Benoit%20Matisse/27134-Matisse,%20Henri%20Emile%20Benoit.jpg",亨利·马蒂斯,8
餐刀与静物,1896,巴黎国立现代艺术馆,油彩,"https://www.youhuadaquan.org/images/Henri%20Emile%20Benoit%20Matisse/27135-Matisse,%20Henri%20Emile%20Benoit.jpg",亨利·马蒂斯,8
花瓶中的向日葵,1896,艾尔米塔什博物馆,油画,"https://www.youhuadaquan.org/images/Henri%20Emile%20Benoit%20Matisse/27136-Matisse,%20Henri%20Emile%20Benoit.jpg",亨利·马蒂斯,8
橄榄树,1898,私人,油彩,"https://www.youhuadaquan.org/images/Henri%20Emile%20Benoit%20Matisse/27137-Matisse,%20Henri%20Emile%20Benoit.jpg",亨利·马蒂斯,8
磨房的庭院,1898,马蒂斯美术馆,油彩,"https://www.youhuadaquan.org/images/Henri%20Emile%20Benoit%20Matisse/27138-Matisse,%20Henri%20Emile%20Benoit.jpg",亨利·马蒂斯,8
有橘子的静物,1899,巴黎国立现代艺术馆,油彩,"https://www.youhuadaquan.org/images/Henri%20Emile%20Benoit%20Matisse/27139-Matisse,%20Henri%20Emile%20Benoit.jpg",亨利·马蒂斯,8
水果与咖啡壶,1899,艾尔米塔什博物馆,油彩,"https://www.youhuadaquan.org/images/Henri%20Emile%20Benoit%20Matisse/27140-Matisse,%20Henri%20Emile%20Benoit.jpg",亨利·马蒂斯,8
圣米奇尔的渡船,1900,巴黎国立现代艺术馆,油彩,"https://www.youhuadaquan.org/images/Henri%20Emile%20Benoit%20Matisse/27141-Matisse,%20Henri%20Emile%20Benoit.jpg",亨利·马蒂斯,8
蓝色桌布与静物,1900,艾尔米塔什博物馆,油彩,"https://www.youhuadaquan.org/images/Henri%20Emile%20Benoit%20Matisse/27142-Matisse,%20Henri%20Emile%20Benoit.jpg",亨利·马蒂斯,8
有小风琴的房间,1900,马蒂斯美术馆,油彩,"https://www.youhuadaquan.org/images/Henri%20Emile%20Benoit%20Matisse/27143-Matisse,%20Henri%20Emile%20Benoit.jpg",亨利·马蒂斯,8
画家的父亲,1866,华盛顿国家艺术画廊,油画,"https://www.youhuadaquan.org/images/Paul%20Cezanne/21421-Cezanne,%20Paul.jpg",保罗·塞尚,9
在弹钢琴的女孩,1868,圣彼得堡冬宫,油画,"https://www.youhuadaquan.org/images/Paul%20Cezanne/21422-Cezanne,%20Paul.jpg",保罗·塞尚,9
现代奥林匹亚,1869,私人,油画,"https://www.youhuadaquan.org/images/Paul%20Cezanne/21423-Cezanne,%20Paul.jpg",保罗·塞尚,9
皮尔拉克鲁在瓦兹的房子,1873,华盛顿国家艺术画廊,油画,"https://www.youhuadaquan.org/images/Paul%20Cezanne/21426-Cezanne,%20Paul.jpg",保罗·塞尚,9
加谢医生在瓦兹的房子,1873,法国巴黎奥赛博物馆,油画,"https://www.youhuadaquan.org/images/Paul%20Cezanne/21425-Cezanne,%20Paul.jpg",保罗·塞尚,9
那不勒斯的午后,1872,澳大利亚国家画廊,油画,"https://www.youhuadaquan.org/images/Paul%20Cezanne/21424-Cezanne,%20Paul.jpg",保罗·塞尚,9
对瓦兹奥维尔小镇的视图,1873,私人,油画,"https://www.youhuadaquan.org/images/Paul%20Cezanne/21427-Cezanne,%20Paul.jpg",保罗·塞尚,9
红色背景的自画像,1875,拜尔勒画廊,油画,"https://www.youhuadaquan.org/images/Paul%20Cezanne/21428-Cezanne,%20Paul.jpg",保罗·塞尚,9
樱桃和桃子,1883,洛杉矶洛杉矶郡立美术馆,油画,"https://www.youhuadaquan.org/images/Paul%20Cezanne/21429-Cezanne,%20Paul.jpg",保罗·塞尚,9
容器，篮子和水果(厨房桌子),1888,法国巴黎奥赛博物馆,油画,"https://www.youhuadaquan.org/images/Paul%20Cezanne/21432-Cezanne,%20Paul.jpg",保罗·塞尚,9
狂欢节,1888,苏黎世美术馆,油画,"https://www.youhuadaquan.org/images/Paul%20Cezanne/21431-Cezanne,%20Paul.jpg",保罗·塞尚,9
狂欢节习作,1886,私人,铅笔,"https://www.youhuadaquan.org/images/Paul%20Cezanne/21430-Cezanne,%20Paul.jpg",保罗·塞尚,9
蒙塔涅圣维克图瓦,1890,苏格兰国家画廊,油画,"https://www.youhuadaquan.org/images/Paul%20Cezanne/21434-Cezanne,%20Paul.jpg",保罗·塞尚,9
穿红背心的少年,1890,苏黎世美术馆,油画,"https://www.youhuadaquan.org/images/Paul%20Cezanne/21435-Cezanne,%20Paul.jpg",保罗·塞尚,9
城堡,1900,华盛顿国家艺术画廊,油画,"https://www.youhuadaquan.org/images/Paul%20Cezanne/21438-Cezanne,%20Paul.jpg",保罗·塞尚,9
静物与布帘,1899,圣彼得堡艾米塔吉博物馆,油画,"https://www.youhuadaquan.org/images/Paul%20Cezanne/21437-Cezanne,%20Paul.jpg",保罗·塞尚,9
洋葱和瓶子,1895,法国巴黎奥赛博物馆,油画,"https://www.youhuadaquan.org/images/Paul%20Cezanne/21436-Cezanne,%20Paul.jpg",保罗·塞尚,9
大浴女,1900,巴尼斯基金会,油画,"https://www.youhuadaquan.org/images/Paul%20Cezanne/21439-Cezanne,%20Paul.jpg",保罗·塞尚,9
夜来香,1926,私人,油画,"https://www.youhuadaquan.org/images/Rene%20Magritte/26626-Magritte,%20Rene.jpg",雷内·马格里特,10
个人价值观,1951,旧金山现代艺术博物馆,油画,"https://www.youhuadaquan.org/images/Rene%20Magritte/26627-Magritte,%20Rene.jpg",雷内·马格里特,10
幸福之手,1951,私人,油画,"https://www.youhuadaquan.org/images/Rene%20Magritte/26628-Magritte,%20Rene.jpg",雷内·马格里特,10
窗,1925,私人,油画,"https://www.youhuadaquan.org/images/Rene%20Magritte/26631-Magritte,%20Rene.jpg",雷内·马格里特,10
好兆头,1944,私人,油画,"https://www.youhuadaquan.org/images/Rene%20Magritte/26630-Magritte,%20Rene.jpg",雷内·马格里特,10
女子洗澡,1922,私人,油画,"https://www.youhuadaquan.org/images/Rene%20Magritte/26629-Magritte,%20Rene.jpg",雷内·马格里特,10
无形世界,1954,私人,油画,"https://www.youhuadaquan.org/images/Rene%20Magritte/26632-Magritte,%20Rene.jpg",雷内·马格里特,10
雨后的云,1926,苏黎世美术馆,油画,"https://www.youhuadaquan.org/images/Rene%20Magritte/26633-Magritte,%20Rene.jpg",雷内·马格里特,10
困境,1926,私人,油画,"https://www.youhuadaquan.org/images/Rene%20Magritte/26634-Magritte,%20Rene.jpg",雷内·马格里特,10
名人,1926,私人,油画,"https://www.youhuadaquan.org/images/Rene%20Magritte/26637-Magritte,%20Rene.jpg",雷内·马格里特,10
黄金时期,1926,私人,油画,"https://www.youhuadaquan.org/images/Rene%20Magritte/26636-Magritte,%20Rene.jpg",雷内·马格里特,10
他不是演讲者,1926,私人,油画,"https://www.youhuadaquan.org/images/Rene%20Magritte/26635-Magritte,%20Rene.jpg",雷内·马格里特,10
令人感动的消息,1926,私人,油画,"https://www.youhuadaquan.org/images/Rene%20Magritte/26638-Magritte,%20Rene.jpg",雷内·马格里特,10
偶像的诞生,1926,私人,油画,"https://www.youhuadaquan.org/images/Rene%20Magritte/26639-Magritte,%20Rene.jpg",雷内·马格里特,10
超越困苦,1926,私人,油画,"https://www.youhuadaquan.org/images/Rene%20Magritte/26640-Magritte,%20Rene.jpg",雷内·马格里特,10
银白色的裂口,1926,私人,油画,"https://www.youhuadaquan.org/images/Rene%20Magritte/26643-Magritte,%20Rene.jpg",雷内·马格里特,10
沙漠弹弓,1926,私人,油画,"https://www.youhuadaquan.org/images/Rene%20Magritte/26642-Magritte,%20Rene.jpg",雷内·马格里特,10
征服者,1926,私人,油画,"https://www.youhuadaquan.org/images/Rene%20Magritte/26641-Magritte,%20Rene.jpg",雷内·马格里特,10
狂欢的主人,1926,马尔博勒国际美术馆,油画,"https://www.youhuadaquan.org/images/Rene%20Magritte/26644-Magritte,%20Rene.jpg",雷内·马格里特,10
森林的起点,1926,私人,油画,"https://www.youhuadaquan.org/images/Rene%20Magritte/26645-Magritte,%20Rene.jpg",雷内·马格里特,10
午夜的婚礼,1926,比利时皇家美术博物馆,油画,"https://www.youhuadaquan.org/images/Rene%20Magritte/26646-Magritte,%20Rene.jpg",雷内·马格里特,10
黑暗的毁灭,1926,格莱诺布博物馆,油画,"https://www.youhuadaquan.org/images/Rene%20Magritte/26649-Magritte,%20Rene.jpg",雷内·马格里特,10
魔术师的同谋者,1926,私人,油画,"https://www.youhuadaquan.org/images/Rene%20Magritte/26648-Magritte,%20Rene.jpg",雷内·马格里特,10
保罗马科斯肖像,1926,私人,油画,"https://www.youhuadaquan.org/images/Rene%20Magritte/26647-Magritte,%20Rene.jpg",雷内·马格里特,10
一个学生的梦,1926,私人,油画,"https://www.youhuadaquan.org/images/Rene%20Magritte/26650-Magritte,%20Rene.jpg",雷内·马格里特,10
美好的旅程,1926,私人,油画,"https://www.youhuadaquan.org/images/Rene%20Magritte/26651-Magritte,%20Rene.jpg",雷内·马格里特,10
河边的居民,1926,私人,油画,"https://www.youhuadaquan.org/images/Rene%20Magritte/26652-Magritte,%20Rene.jpg",雷内·马格里特,10
食鸟的女孩,1927,北莱茵河-威斯特伐利亚艺术收藏馆,油画,"https://www.youhuadaquan.org/images/Rene%20Magritte/26655-Magritte,%20Rene.jpg",雷内·马格里特,10
幕间休息,1927,私人,油画,"https://www.youhuadaquan.org/images/Rene%20Magritte/26654-Magritte,%20Rene.jpg",雷内·马格里特,10
睡梦中的折磨,1927,比勒市政博物馆,油画,"https://www.youhuadaquan.org/images/Rene%20Magritte/26653-Magritte,%20Rene.jpg",雷内·马格里特,10
赵佶梅花绣眼图页,北宋,故宫博物院,花鸟,https://img.dpm.org.cn/Uploads/Picture/dc/14654.jpg,赵佶,11
赵佶枇杷山鸟图页,北宋,故宫博物院,花鸟,https://img.dpm.org.cn/Uploads/Picture/dc/27554.jpg,赵佶,11
赵佶芙蓉锦鸡图轴,北宋,故宫博物院,花鸟,https://img.dpm.org.cn/Uploads/Picture/dc/27589.jpg,赵佶,11
赵佶祥龙石图卷,北宋,故宫博物院,花鸟,https://img.dpm.org.cn/Uploads/Picture/2017/04/11/s58ec8bcd24ce1.jpg,赵佶,11
赵佶听琴图轴,北宋,故宫博物院,人物,https://img.dpm.org.cn/Uploads/Picture/dc/27604.jpg,赵佶,11
赵佶雪江归棹图卷,北宋,故宫博物院,山水,https://img.dpm.org.cn/Uploads/Picture/2017/04/01/s58defe50d76f8.jpg,赵佶,11
顾恺之洛神赋图卷（宋摹）,东晋,故宫博物院,人物,https://img.dpm.org.cn/Uploads/Picture/2017/04/14/s58f034514fc6d.jpg,顾恺之,12
顾恺之女史箴图卷（宋摹）,东晋,故宫博物院,人物,https://img.dpm.org.cn/Uploads/Picture/2017/04/11/s58ec852aaaeb0.jpg,顾恺之,12
顾恺之列女仁智图卷（宋摹）,东晋,故宫博物院,人物,https://img.dpm.org.cn/Uploads/Picture/2017/03/31/s58de19af040eb.jpg,顾恺之,12
马远水图卷,南宋,故宫博物院,山水,https://img.dpm.org.cn/Uploads/Picture/2017/03/31/s58de1136057ad.jpg,马远,13
马远白蔷薇图页,南宋,故宫博物院,花鸟,https://img.dpm.org.cn/Uploads/Picture/dc/27567.jpg,马远,13
马远踏歌图轴,南宋,故宫博物院,山水,https://img.dpm.org.cn/Uploads/Picture/dc/27454.jpg,马远,13
马远梅石溪凫图页,南宋,故宫博物院,花鸟,https://img.dpm.org.cn/Uploads/Picture/dc/27468.jpg,马远,13
李迪枫鹰雉鸡图轴,南宋,故宫博物院,花鸟,https://img.dpm.org.cn/Uploads/Picture/2019/03/19/s5c9043341c360.jpg,李迪,14
李迪猎犬图页,南宋,故宫博物院,花鸟,https://img.dpm.org.cn/Uploads/File/2018/01/31/15173843481369.jpg,李迪,14
李迪鸡雏待饲图页,南宋,故宫博物院,花鸟,https://img.dpm.org.cn/Uploads/Picture/dc/27549.jpg,李迪,14
董邦达山水图扇页,清,故宫博物院,山水,https://img.dpm.org.cn/Uploads/Picture/dc/59665.jpg,董邦达,15
董邦达静宜园二十八景图轴,清,故宫博物院,山水,https://img.dpm.org.cn/Uploads/Picture/dc/63528.jpg,董邦达,15
董邦达三希堂记意图轴,清,故宫博物院,人物,https://img.dpm.org.cn/Uploads/Picture/dc/55603.jpg,董邦达,15
董邦达乾隆皇帝松荫消夏图轴,清,故宫博物院,人物,https://img.dpm.org.cn/Uploads/Picture/dc/54319.jpg,董邦达,15
邹一桂牡丹兰蕙图轴,清,故宫博物院,花鸟,https://img.dpm.org.cn/Uploads/Picture/dc/64575.jpg,邹一桂,16
邹一桂桃花图轴,清,故宫博物院,花鸟,https://img.dpm.org.cn/Uploads/Picture/dc/26094.jpg,邹一桂,16
赵孟頫秋郊饮马图卷,元,故宫博物院,人物,https://img.dpm.org.cn/Uploads/Picture/2017/04/01/s58defe50d8cdf.jpg,赵孟頫,17
赵孟頫秀石疏林图卷,元,故宫博物院,山水,https://img.dpm.org.cn/Uploads/tupianyingxiang/null-%E6%96%B000147132-%E8%B5%B5%E5%AD%9F%E9%A0%AB%E7%A7%80%E7%9F%B3%E7%96%8F%E6%9E%97%E5%9B%BE%E5%8D%B7-%E5%85%A8%E5%BD%A2_201741421216.jpg,赵孟頫,17
赵孟頫古木竹石图轴,元,故宫博物院,花鸟,https://img.dpm.org.cn/Uploads/Picture/dc/27472.jpg,赵孟頫,17
赵孟頫浴马图卷,元,故宫博物院,花鸟,https://img.dpm.org.cn/Uploads/Picture/2017/03/31/s58de16cebcd25.jpg,赵孟頫,17
赵孟頫幽篁戴胜图卷,元,故宫博物院,花鸟,https://img.dpm.org.cn/Uploads/Picture/2017/04/01/s58defe50d9b71.jpg,赵孟頫,17
赵孟頫葵花图轴,元,故宫博物院,花鸟,https://img.dpm.org.cn/Uploads/File/2018/05/24/15271508928036.jpg,赵孟頫,17
赵孟頫人骑图卷,元,故宫博物院,人物,https://img.dpm.org.cn/Uploads/Picture/2017/10/31/s59f7d254da425.jpg,赵孟頫,17
赵孟頫水村图卷,元,故宫博物院,山水,https://img.dpm.org.cn/Uploads/tupianyingxiang/%E8%B5%B5%E5%AD%9F%E9%A0%AB%E6%B0%B4%E6%9D%91%E5%9B%BE%E5%8D%B7.jpg,赵孟頫,17
徐渭黄甲图轴,明,故宫博物院,花鸟,https://img.dpm.org.cn/Uploads/Picture/dc/1840.jpg,徐渭,18
徐渭水墨牡丹图轴,明,故宫博物院,花鸟,https://img.dpm.org.cn/Uploads/Picture/dc/50143.jpg,徐渭,18
徐渭山水图扇页,明,故宫博物院,山水,https://img.dpm.org.cn/Uploads/Picture/dc/64633.jpg,徐渭,18
徐渭四季花卉图轴,明,故宫博物院,花鸟,https://img.dpm.org.cn/Uploads/Picture/dc/23850.jpg,徐渭,18
徐渭四时花卉图卷,明,故宫博物院,花鸟,https://img.dpm.org.cn/Uploads/Picture/2017/04/11/s58ec8ab62ae99.jpg,徐渭,18
徐渭驴背吟诗图轴,明,故宫博物院,人物,https://img.dpm.org.cn/Uploads/Picture/dc/1831.jpg,徐渭,18
徐渭墨花九段图卷,明,故宫博物院,花鸟,https://img.dpm.org.cn/Uploads/Picture/2017/04/11/s58ec8a9b01ff4.jpg,徐渭,18
徐渭梅花蕉叶图轴,明,故宫博物院,花鸟,https://img.dpm.org.cn/Uploads/Picture/2017/04/12/s58ed829573778.jpg,徐渭,18
徐渭水墨葡萄图轴,明,故宫博物院,花鸟,https://img.dpm.org.cn/Uploads/Picture/dc/25265.jpg,徐渭,18
黄慎商山四皓图轴,清,故宫博物院,人物,https://img.dpm.org.cn/Uploads/Picture/dc/52082.jpg,黄慎,19
黄慎荷鹭图轴,清,故宫博物院,花鸟,https://img.dpm.org.cn/Uploads/Picture/dc/13905.jpg,黄慎,19
黄慎芦花双雁图轴,清,故宫博物院,花鸟,https://img.dpm.org.cn/Uploads/Picture/dc/13906.jpg,黄慎,19
黄慎漱石捧砚图轴,清,故宫博物院,人物,https://img.dpm.org.cn/Uploads/Picture/dc/1078.jpg,黄慎,19
黄慎麻姑仙像图轴,清,故宫博物院,人物,https://img.dpm.org.cn/Uploads/Picture/dc/63582.jpg,黄慎,19
黄慎伯乐相马图轴,清,故宫博物院,人物,https://img.dpm.org.cn/Uploads/Picture/dc/25267.jpg,黄慎,19
赵之谦菊石雁来红图轴,清,故宫博物院,花鸟,https://img.dpm.org.cn/Uploads/Picture/dc/25268.jpg,赵之谦,20
赵之谦牡丹图轴,清,故宫博物院,花鸟,https://img.dpm.org.cn/Uploads/Picture/dc/1088.jpg,赵之谦,20
赵之谦古柏灵芝图轴,清,故宫博物院,花鸟,https://img.dpm.org.cn/Uploads/Picture/dc/52071.jpg,赵之谦,20
赵之谦墨松图轴,清,故宫博物院,花鸟,https://img.dpm.org.cn/Uploads/Picture/dc/25983.jpg,赵之谦,20
王翚夏五吟梅图轴,清,故宫博物院,山水,https://img.dpm.org.cn/Uploads/Picture/dc/23823.jpg,王翬,21
王翚仿黄公望山水图轴,清,故宫博物院,山水,https://img.dpm.org.cn/Uploads/Picture/dc/51132.jpg,王翬,21
王翚秋树昏鸦图轴,清,故宫博物院,山水,https://img.dpm.org.cn/Uploads/Picture/dc/26081.jpg,王翬,21
王翚庐山白云图卷,清,故宫博物院,山水,https://img.dpm.org.cn/Uploads/Picture/2017/04/01/s58defb9d45022.jpg,王翬,21
王翚虞山枫林图轴,清,故宫博物院,山水,https://img.dpm.org.cn/Uploads/Picture/dc/1039.jpg,王翬,21
王翚秋山万重图轴,清,故宫博物院,山水,https://img.dpm.org.cn/Uploads/Picture/dc/18215.jpg,王翬,21
王翚岩栖高士图轴,清,故宫博物院,山水,https://img.dpm.org.cn/Uploads/Picture/dc/2321.jpg,王翬,21
王翚九华秀色图轴,清,故宫博物院,山水,https://img.dpm.org.cn/Uploads/Picture/dc/25961.jpg,王翬,21
吕纪榴葵绶鸡图轴,明,故宫博物院,花鸟,https://img.dpm.org.cn/Uploads/Picture/dc/15453.jpg,吕纪,22
吕纪残荷鹰鹭图轴,明,故宫博物院,花鸟,https://img.dpm.org.cn/Uploads/Picture/dc/12310.jpg,吕纪,22
吕纪桂菊山禽图轴,明,故宫博物院,花鸟,https://img.dpm.org.cn/Uploads/Picture/dc/938.jpg,吕纪,22
吕纪南极老人像轴,明,故宫博物院,人物,https://img.dpm.org.cn/Uploads/Picture/dc/57448.jpg,吕纪,22
吕纪竹禽图轴,明,故宫博物院,花鸟,https://img.dpm.org.cn/Uploads/Picture/dc/21109.jpg,吕纪,22
吕纪鹰鹊图轴,明,故宫博物院,花鸟,https://img.dpm.org.cn/Uploads/Picture/dc/21110.jpg,吕纪,22
李昭道龙舟竞渡图页,唐,故宫博物院,人物,https://www.dpm.org.cn/collection/paint/232622.html,李昭道,23
董源潇湘图卷,五代,故宫博物院,山水,https://www.dpm.org.cn/collection/paint/234585.html,董源,24
黄筌写生珍禽图卷,五代,故宫博物院,花鸟,https://www.dpm.org.cn/collection/paint/228361.html,黄筌,25
顾闳中韩熙载夜宴图卷,五代,故宫博物院,人物,https://www.dpm.org.cn/collection/paint/228200.html,顾闳中 ,26
扬无咎四梅花图卷,北宋,故宫博物院,花鸟,https://www.dpm.org.cn/collection/paint/234636.html,扬无咎,27
李公麟维摩演教图卷（传）,北宋,故宫博物院,人物,https://www.dpm.org.cn/Uploads/Picture/2017/04/01/s58def92950e24.jpg,李公麟,28
李公麟临韦偃牧放图卷 ,北宋,故宫博物院,花鸟,https://www.dpm.org.cn/collection/paint/234609.html,李公麟,28
王诜渔村小雪图卷 ,北宋,故宫博物院,山水,https://www.dpm.org.cn/collection/paint/234606.html,王诜,29
赵伯驹江山秋色画卷,北宋,故宫博物院,山水,https://www.dpm.org.cn/collection/paint/231618.html,赵伯驹,30
王希孟千里江山图卷,北宋,故宫博物院,山水,https://www.dpm.org.cn/Uploads/Picture/2017/04/01/s58defb9d45b7f.jpg,王希孟,31
郭熙窠石平远图轴,北宋,故宫博物院,山水,https://www.dpm.org.cn/Uploads/Picture/2018/11/14/s5bebc98bb095c.jpg,郭熙,32
张先十咏图卷,北宋,故宫博物院,山水,https://www.dpm.org.cn/Uploads/Picture/2017/03/31/s58de169621347.jpg,张先,33
张择端清明上河图卷,北宋,故宫博物院,人物,https://www.dpm.org.cn/Uploads/Picture/2017/05/12/s591529137db2e.jpg,张择端,34
崔白寒雀图卷,北宋,故宫博物院,花鸟,https://www.dpm.org.cn/Uploads/Picture/2017/03/31/s58de0ed35b6a7.jpg,崔白,35
米友仁云山墨戏图卷,宋,故宫博物院,山水,https://www.dpm.org.cn/Uploads/Picture/2017/04/01/s58def9e984e8a.jpg,米友仁,36
米友仁潇湘奇观图卷,宋,故宫博物院,山水,https://www.dpm.org.cn/Uploads/Picture/2017/04/01/s58def92952f30.jpg,米友仁,36
李唐采薇图卷,南宋,故宫博物院,人物,https://www.dpm.org.cn/Uploads/Picture/2017/07/26/s597833b1cd872.jpg,李唐,37
赵伯骕万松金阙图卷,南宋,故宫博物院,山水,https://www.dpm.org.cn/Uploads/Picture/2017/07/26/s597833812202d.jpg,赵伯骕,38
刘松年四景山水图卷,南宋,故宫博物院,山水,https://www.dpm.org.cn/Uploads/Picture/2020/01/02/s5e0da2712af2d.jpg,刘松年,39
李嵩花篮图页,南宋,故宫博物院,花鸟,https://www.dpm.org.cn/Uploads/Picture/dc/27588.jpg,李嵩,40
李嵩货郎图卷,南宋,故宫博物院,人物,https://www.dpm.org.cn/Uploads/Picture/2017/03/31/s58de10c46e445.jpg,李嵩,40
李嵩钱塘观潮图卷,南宋,故宫博物院,山水,https://www.dpm.org.cn/Uploads/Picture/2017/04/01/s58def929518fb.jpg,李嵩,40
赵孟坚墨兰图卷,南宋,故宫博物院,花鸟,https://www.dpm.org.cn/Uploads/Picture/2017/03/31/s58de16b06f3a8.jpg,赵孟坚,41
钱选幽居图卷,元,故宫博物院,山水,https://www.dpm.org.cn/Uploads/Picture/2018/03/12/s5aa5d1cdb67f7.jpg,钱选,42
吴镇渔父图轴,元,故宫博物院,山水,https://www.dpm.org.cn/Uploads/Picture/dc/27461.jpg,吴镇,43
吴镇墨竹坡石图轴,元,故宫博物院,花鸟,https://www.dpm.org.cn/Uploads/Picture/dc/27512.jpg,吴镇,43
吴镇芦花寒雁图轴,元,故宫博物院,花鸟,https://www.dpm.org.cn/Uploads/Picture/dc/27603.jpg,吴镇,43
倪瓒幽涧寒松图轴,元,故宫博物院,山水,https://www.dpm.org.cn/Uploads/Picture/dc/27458.jpg,倪瓒,44
倪瓒竹枝图卷,元,故宫博物院,花鸟,https://www.dpm.org.cn/Uploads/tupianyingxiang/null-%E6%96%B000146661-%E5%80%AA%E7%93%92%E7%AB%B9%E6%9E%9D%E5%9B%BE%E5%8D%B7-%E5%85%A8%E5%BD%A2_20174142156.jpg,倪瓒,44
倪瓒秋亭嘉树图轴,元,故宫博物院,山水,https://www.dpm.org.cn/Uploads/Picture/dc/27606.jpg,倪瓒,44
倪瓒梧竹秀石图轴,元,故宫博物院,花鸟,https://www.dpm.org.cn/Uploads/Picture/dc/25353.jpg,倪瓒,44
朱德润秀野轩图卷,元,故宫博物院,山水,https://www.dpm.org.cn/Uploads/Picture/2017/07/25/s5976fd90ed723.jpg,朱德润,45
黄公望九峰雪霁图轴,元,故宫博物院,山水,https://www.dpm.org.cn/Uploads/Picture/dc/27450.jpg,黄公望,46
黄公望天池石壁图轴,元,故宫博物院,山水,https://www.dpm.org.cn/Uploads/Picture/dc/27536.jpg,黄公望,46
黄公望丹崖玉树图轴,元,故宫博物院,山水,https://www.dpm.org.cn/Uploads/Picture/dc/27535.jpg,黄公望,46
王蒙葛稚川移居图轴,元,故宫博物院,山水,https://www.dpm.org.cn/Uploads/Picture/dc/27449.jpg,王蒙,47
王蒙夏日山居图轴,元,故宫博物院,山水,https://www.dpm.org.cn/Uploads/Picture/dc/27538.jpg,王蒙,47
王蒙夏山高隐图轴,元,故宫博物院,山水,https://www.dpm.org.cn/Uploads/Picture/dc/27497.jpg,王蒙,47
任仁发张果老见明皇图卷,元,故宫博物院,人物,https://www.dpm.org.cn/Uploads/Picture/2017/04/01/s58def9e9872d9.jpg,任仁发,48
任仁发二马图卷,元,故宫博物院,花鸟,https://www.dpm.org.cn/Uploads/Picture/2018/05/11/s5af5084f565d7.jpg,任仁发,48
柯九思清閟阁墨竹图轴,元,故宫博物院,花鸟,https://www.dpm.org.cn/Uploads/Picture/dc/27475.jpg,柯九思,49
赵雍挟弹游骑图轴,元,故宫博物院,人物,https://www.dpm.org.cn/Uploads/Picture/dc/27474.jpg,赵雍,50
张珪神龟图卷 ,金,故宫博物院,花鸟,https://www.dpm.org.cn/collection/paint/228102.html,张珪 ,51
文伯仁万壑松风图轴,明,故宫博物院,山水,https://www.dpm.org.cn/collection/paint/234571.html,文伯仁,52
董其昌高逸图轴,明,故宫博物院,山水,https://www.dpm.org.cn/collection/paint/234560.html,董其昌,53
崔子忠藏云图轴,明,故宫博物院,山水,https://www.dpm.org.cn/collection/paint/234541.html,崔子忠,54
崔子忠问道图扇页,明,故宫博物院,人物,https://www.dpm.org.cn/collection/paint/234087.html,崔子忠,54
圣保罗的死难,1600,意大利罗马人民圣母堂切拉西小堂,油画,http://www.youhuadaquan.org/images-small/Caravaggio/21295-Caravaggio.jpg,米开朗基罗·梅里西·德·卡拉瓦乔,55
沈周沧州趣图卷,明,故宫博物院,山水,https://www.dpm.org.cn/collection/paint/234540.html,沈周,55
沈周仿黄公望富春山居图卷,明,故宫博物院,山水,https://www.dpm.org.cn/collection/paint/234367.html,沈周,55
沈周京江送别图卷,明,故宫博物院,山水,https://www.dpm.org.cn/collection/paint/234366.html,沈周,55
沈周江亭避暑图扇页,明,故宫博物院,山水,https://www.dpm.org.cn/collection/paint/234089.html,沈周,55
王绂墨竹图轴,明,故宫博物院,花鸟,https://www.dpm.org.cn/collection/paint/234437.html,王绂,56
仇英玉洞仙源图轴,明,故宫博物院,山水,https://www.dpm.org.cn/collection/paint/234433.html,仇英,57
文徵明兰竹图卷 ,明,故宫博物院,花鸟,https://www.dpm.org.cn/collection/paint/234432.html,文徵明,58
文徵明东园图卷,明,故宫博物院,人物,https://www.dpm.org.cn/collection/paint/234368.html,文徵明 ,58
文徵明红杏湖石图扇页,明,故宫博物院,山水,https://www.dpm.org.cn/collection/paint/234092.html,文徵明,58
唐寅事茗图卷,明,故宫博物院,山水,https://www.dpm.org.cn/collection/paint/234421.html,唐寅 ,59
唐寅枯木寒鸦图扇页,明,故宫博物院,山水,https://www.dpm.org.cn/collection/paint/234049.html,唐寅,59
夏昶湘江风雨图卷,明,故宫博物院,山水,https://www.dpm.org.cn/collection/paint/234418.html,夏昶,60
蓝瑛云壑藏渔图轴,明,故宫博物院,山水,https://www.dpm.org.cn/collection/paint/234408.html,蓝瑛,61
孙克弘百花图卷,明,故宫博物院,花鸟,https://www.dpm.org.cn/collection/paint/234387.html,孙克弘,62
赵左山水图扇页,明,故宫博物院,山水,https://www.dpm.org.cn/collection/paint/234283.html,赵左,63
张瑞图晴雪长松图轴,明,故宫博物院,花鸟,https://www.dpm.org.cn/collection/paint/234277.html,张瑞图,64
张瑞图山水图扇页,明,故宫博物院,山水,https://www.dpm.org.cn/collection/paint/234276.html,张瑞图,64
方维仪蕉石罗汉像轴,明,故宫博物院,人物,https://www.dpm.org.cn/collection/paint/234159.html,方维仪,65
陆治云岩秋霁图扇页,明,故宫博物院,山水,https://www.dpm.org.cn/collection/paint/234112.html,陆治,66
程嘉燧秋游赏月扇页,明,故宫博物院,人物,https://www.dpm.org.cn/collection/paint/234094.html,程嘉燧,67
丁云鹏竹石云泉图扇页,明,故宫博物院,山水,https://www.dpm.org.cn/collection/paint/234093.html,丁云鹏,68
谢时臣暮云诗意图扇页,明,故宫博物院,山水,https://www.dpm.org.cn/collection/paint/234091.html,谢时臣,69
周臣明皇游月宫图扇页,明,故宫博物院,人物,https://www.dpm.org.cn/collection/paint/234090.html,周臣,70
李流芳仿米云山图扇页,明,故宫博物院,山水,https://www.dpm.org.cn/collection/paint/234060.html,李流芳,71
李流芳山水图扇页,明,故宫博物院,山水,https://www.dpm.org.cn/collection/paint/234059.html,李流芳,71
陈道复云山图扇页,明,故宫博物院,山水,https://www.dpm.org.cn/collection/paint/234050.html,陈道复,72
项圣谟天寒有鹤守梅花图扇页,明,故宫博物院,花鸟,https://www.dpm.org.cn/collection/paint/234043.html,项圣谟,73
老实人纳斯塔基奧的第一篇故事,1483,普拉多美术馆,版画,"https://www.youhuadaquan.org/images-small/Sandro%20Botticelli/21042-Botticelli,%20Sandro.jpg",桑德罗·波提切利,74
老实人纳斯塔基奧的第二篇故事,1484,普拉多美术馆,版画,"https://www.youhuadaquan.org/images-small/Sandro%20Botticelli/21043-Botticelli,%20Sandro.jpg",桑德罗·波提切利,74
老实人纳斯塔基奧的第三篇故事,1485,普拉多美术馆,版画,"https://www.youhuadaquan.org/images-small/Sandro%20Botticelli/21044-Botticelli,%20Sandro.jpg",桑德罗·波提切利,74
圣母的加冕,1489,乌费兹美术馆,油画,"https://www.youhuadaquan.org/images-small/Sandro%20Botticelli/21045-Botticelli,%20Sandro.jpg",桑德罗·波提切利,74
神秘的誕生,1500,英国伦敦国家画廊,油画,"https://www.youhuadaquan.org/images-small/Sandro%20Botticelli/21046-Botticelli,%20Sandro.jpg",桑德罗·波提切利,74
哀悼基督,1500,老绘画陈列馆,油画,"https://www.youhuadaquan.org/images-small/Sandro%20Botticelli/21047-Botticelli,%20Sandro.jpg",桑德罗·波提切利,74
刚毅,1470,乌费兹美术馆,油画,"https://www.youhuadaquan.org/images-small/Sandro%20Botticelli/21048-Botticelli,%20Sandro.jpg",桑德罗·波提切利,74
一个年轻人的肖像,1480,帕拉提那美术馆,油画,"https://www.youhuadaquan.org/images-small/Sandro%20Botticelli/21049-Botticelli,%20Sandro.jpg",桑德罗·波提切利,74
来自摩西的生活场景，杰思罗女儿的细节,1480,西斯廷教堂,油画,"https://www.youhuadaquan.org/images-small/Sandro%20Botticelli/21050-Botticelli,%20Sandro.jpg",桑德罗·波提切利,74
基督的诱惑,1480,西斯廷教堂,油画,"https://www.youhuadaquan.org/images-small/Sandro%20Botticelli/21051-Botticelli,%20Sandro.jpg",桑德罗·波提切利,74
圣母子与四天使及六圣徒(圣座上的圣母与圣徒),1486,佛罗伦萨乌菲兹美术馆,油画,"https://www.youhuadaquan.org/images-small/Sandro%20Botticelli/21052-Botticelli,%20Sandro.jpg",桑德罗·波提切利,74
《诽谤》的细节,1495,乌费兹美术馆,油画,"https://www.youhuadaquan.org/images-small/Sandro%20Botticelli/21053-Botticelli,%20Sandro.jpg",桑德罗·波提切利,74
一个年轻人的肖像,1510,英国伦敦国家美术馆,油画,"https://www.youhuadaquan.org/images-small/Sandro%20Botticelli/21054-Botticelli,%20Sandro.jpg",桑德罗·波提切利,74
天使报喜,1490,乌费兹美术馆,油画,"https://www.youhuadaquan.org/images-small/Sandro%20Botticelli/21055-Botticelli,%20Sandro.jpg",桑德罗·波提切利,74
圣母和孩子与天使,1469,斯图尔特加德纳伊莎贝拉博物馆,油画,"https://www.youhuadaquan.org/images-small/Sandro%20Botticelli/21056-Botticelli,%20Sandro.jpg",桑德罗·波提切利,74
朱迪丝回到贝图利亚,1470,乌费兹美术馆,油画,"https://www.youhuadaquan.org/images-small/Sandro%20Botticelli/21057-Botticelli,%20Sandro.jpg",桑德罗·波提切利,74
贤士来朝,1475,乌费兹美术馆,油画,"https://www.youhuadaquan.org/images-small/Sandro%20Botticelli/21058-Botticelli,%20Sandro.jpg",桑德罗·波提切利,74
春,1480,乌费兹美术馆,油画,"https://www.youhuadaquan.org/images-small/Sandro%20Botticelli/21059-Botticelli,%20Sandro.jpg",桑德罗·波提切利,74
持勛章的人,1475,乌费兹美术馆,油画,"https://www.youhuadaquan.org/images-small/Sandro%20Botticelli/21060-Botticelli,%20Sandro.jpg",桑德罗·波提切利,74
发现赫洛弗尼斯的尸体,1480,乌费兹美术馆,油画,"https://www.youhuadaquan.org/images-small/Sandro%20Botticelli/21061-Botticelli,%20Sandro.jpg",桑德罗·波提切利,74
维纳斯的诞生,1480,乌费兹美术馆,油画,"https://www.youhuadaquan.org/images-small/Sandro%20Botticelli/21062-Botticelli,%20Sandro.jpg",桑德罗·波提切利,74
维纳斯和战神,1482,乌费兹美术馆,油画,"https://www.youhuadaquan.org/images-small/Sandro%20Botticelli/21063-Botticelli,%20Sandro.jpg",桑德罗·波提切利,74
帕拉斯和肯陶洛斯,1482,乌费兹美术馆,油画,"https://www.youhuadaquan.org/images/Sandro%20Botticelli/21064-Botticelli,%20Sandro.jpg",桑德罗·波提切利,74
